﻿DataTime,NetMode,StatType,StatItem,ItemNum
20250928,LTE,BasicStatistic,4GSiteNumber,1338
20250928,LTE,BasicStatistic,4GMacroSiteNumber,1273
20250928,LTE,BasicStatistic,4GIndoorSiteNumber,147
20250928,LTE,BasicStatistic,TDDSiteNumber,0
20250928,LTE,BasicStatistic,FDDSiteNumber,1338
20250928,LTE,BasicStatistic,4GCellNumber,8146
20250928,LTE,BasicStatistic,4GMacroCellNumber,7629
20250928,LTE,BasicStatistic,4GIndoorCellNumber,517
20250928,LTE,BasicStatistic,TDDCellNumber,0
20250928,LTE,BasicStatistic,FDDCellNumber,8146
20250928,LTE,BasicStatistic,4GSubnetworkNumber,4
20250928,LTE,BasicStatistic,PCINumber,1007
20250928,LTE,BasicStatistic,TACNumber,46
20250928,LTE,RRUStatistic,R9254 S8500(A6A),1780
20250928,LTE,RRUStatistic,R8862A S2100(A4A),397
20250928,LTE,RRUStatistic,R9224H M1821(ACC),386
20250928,LTE,RRUStatistic,R9234E S2100(A8A),17
20250928,LTE,RRUStatistic,R9264 M1821(ACA),232
20250928,LTE,RRUStatistic,R9242 M1821(ACC),18
20250928,LTE,RRUStatistic,R9268E M1821(A8A),112
20250928,LTE,RRUStatistic,R9212E S2100(A8A),24
20250928,LTE,RRUStatistic,R8149 M182135,370
20250928,LTE,RRUStatistic,R8894E M1821(A8C),37
20250928,LTE,RRUStatistic,R9242E M1821(AGA),26
20250928,LTE,RRUStatistic,R8894E S2100(A8C),3
20250928,LTE,RRUStatistic,R8149 M1835B,40
20250928,LTE,RRUStatistic,R8108 F851821(B1A),1118
20250928,LTE,RRUStatistic,R8862A S1800(A4A),2545
20250928,LTE,RRUStatistic,R8862A S8500(A6A),2040
20250928,LTE,RRUStatistic,A8602 M1821(A4A),31
20250928,LTE,RRUStatistic,R8402 S1800(A5B),39
20250928,LTE,RRUStatistic,R8862A S1800(A6A),64
20250928,LTE,RRUStatistic,R8862A S2100(A4B),23
20250928,LTE,RRUStatistic,R8862A S2100(D4B),12
20250928,LTE,RRUStatistic,R8862A S2100(A6B),5
20250928,LTE,RRUStatistic,R8108 F851821(A5A),174
20250928,LTE,RRUStatistic,R8872A S8500(A8A),21
20250928,LTE,RRUStatistic,R8862A S1800(B6A),17
20250928,LTE,RRUStatistic,R8882 S2100(B),41
20250928,LTE,RRUStatistic,R8862A S2100(D4A),22
20250928,LTE,RRUStatistic,R8862A S2100(A6A),20
20250928,LTE,RRUStatistic,R8402 S2100(A5A),2
20250928,LTE,RRUStatistic,R8119 F851821(A1A),111
20250928,LTE,RRUStatistic,R8862A S1800(A4B),2
20250928,LTE,RRUStatistic,R8862 S2100(A6A),3
20250928,LTE,RRUStatistic,R8402 S1800(A5A),2
20250928,LTE,RRUStatistic,R8862A S8500(A6B),3
20250928,LTE,RRUStatistic,R8862 S1800(A6A),4
20250928,LTE,RRUStatistic,R8862 S1800(A6B),1
20250928,LTE,RRUStatistic,R8862 S1800(B6A),1
20250928,LTE,RRUStatistic,R8402 S2100(A5B),4
20250928,LTE,RRUStatistic,R8862A S1800(B6B),1
20250928,LTE,RRUStatistic,R8862A S2100(D6B),1
20250928,LTE,RRUStatistic,A8612 M1821(A6B),1
20250928,LTE,BasebandBoardStatistic,VBPe24,279
20250928,LTE,BasebandBoardStatistic,VBPd04,62
20250928,LTE,BasebandBoardStatistic,VBPd24,132
20250928,LTE,BasebandBoardStatistic,VBPd19,199
20250928,LTE,BasebandBoardStatistic,VBPe04,59
20250928,LTE,BasebandBoardStatistic,BPN0_b,95
20250928,LTE,BasebandBoardStatistic,BPN0,713
20250928,LTE,BasebandBoardStatistic,BPN0A,217
20250928,LTE,BasebandBoardStatistic,BPN1A,267
20250928,LTE,BasebandBoardStatistic,BPN2,84
20250928,LTE,BasebandBoardStatistic,BPL1,67
20250928,LTE,BasebandBoardStatistic,BPN1_A,66
20250928,LTE,BasebandBoardStatistic,BPQ0,16
20250928,LTE,FrequencyBandStatistic,874.2_10M,3844
20250928,LTE,FrequencyBandStatistic,2120.0_20M,738
20250928,LTE,FrequencyBandStatistic,1870.0_20M,1661
20250928,LTE,FrequencyBandStatistic,1850.0_20M,1839
20250928,LTE,FrequencyBandStatistic,2140.0_20M,18
20250928,LTE,FrequencyBandStatistic,1867.5_15M,42
20250928,LTE,FrequencyBandStatistic,1870.0_15M,1
20250928,LTE,FrequencyBandStatistic,1850.0_15M,3
20250928,LTE,VersionStatistic,V5.75.10.20A03#V5.75.10.20F15,2605
20250928,LTE,VersionStatistic,LN_D_V6.20.10.00,1919
20250928,LTE,VersionStatistic,L_D_V6.20.10.00,3510
20250928,LTE,VersionStatistic,LN_D_V6.10.10.00,98
20250928,LTE,VersionStatistic,L_D_V6.10.10.00,14
20250928,NR,BasicStatistic,NRSiteNumber,2544
20250928,NR,BasicStatistic,NRNoneQcellSiteNumber,2238
20250928,NR,BasicStatistic,NRQcellSiteNumber,101
20250928,NR,BasicStatistic,NRSASiteNumber,0
20250928,NR,BasicStatistic,NRNSASiteNumber,2295
20250928,NR,BasicStatistic,TNRSiteNumber,1249
20250928,NR,BasicStatistic,FNRSiteNumber,1295
20250928,NR,BasicStatistic,NRCellNumber,13831
20250928,NR,BasicStatistic,NRNoneQcellCellNumber,13313
20250928,NR,BasicStatistic,NRQcellNumber,518
20250928,NR,BasicStatistic,NRSACellNumber,0
20250928,NR,BasicStatistic,NRNSACellNumber,13831
20250928,NR,BasicStatistic,TNRCellNumber,6937
20250928,NR,BasicStatistic,FNRCellNumber,6894
20250928,NR,BasicStatistic,NRSubnetworkNumber,2
20250928,NR,AAUStatistic,R9224H M1821(ACC),386
20250928,NR,AAUStatistic,R9264 M1821(ACA),235
20250928,NR,AAUStatistic,R9604 S35,1046
20250928,NR,AAUStatistic,R9212E S2100(A8A),453
20250928,NR,AAUStatistic,R9234E S2100(A8A),1270
20250928,NR,AAUStatistic,A9611 S35,336
20250928,NR,AAUStatistic,R9254 S8500(A6A),1780
20250928,NR,AAUStatistic,A9642A S35,689
20250928,NR,AAUStatistic,R9268E M1821(A8A),112
20250928,NR,AAUStatistic,R9606A S35,187
20250928,NR,AAUStatistic,A9631A S35,571
20250928,NR,AAUStatistic,A9622A S35,81
20250928,NR,AAUStatistic,R8894E M1821(A8C),73
20250928,NR,AAUStatistic,R8862A S2100(A4A),118
20250928,NR,AAUStatistic,R9115 M1835,45
20250928,NR,AAUStatistic,R9614 S35,160
20250928,NR,AAUStatistic,R9242 M1821(ACC),18
20250928,NR,AAUStatistic,R9254E S2100(A8A),70
20250928,NR,AAUStatistic,R8149 T3500,1259
20250928,NR,AAUStatistic,AP9642A M35F,6
20250928,NR,AAUStatistic,R8149 M182135,491
20250928,NR,AAUStatistic,R8149 M2135B,140
20250928,NR,AAUStatistic,R8894E S2100(A8C),32
20250928,NR,AAUStatistic,R9242E M1821(AGA),26
20250928,NR,AAUStatistic,R9248 S2100(A4A),18
20250928,NR,AAUStatistic,R8149 M1835B,40
20250928,NR,AAUStatistic,R8862A S2100(A6A),1
20250928,NR,AAUStatistic,R8862A S2100(D6A),1
20250928,NR,BasebandBoardStatistic,VBPd24,132
20250928,NR,BasebandBoardStatistic,VBPe24,295
20250928,NR,BasebandBoardStatistic,VBPd41,469
20250928,NR,BasebandBoardStatistic,VBPe04,171
20250928,NR,BasebandBoardStatistic,VBPd04,603
20250928,NR,BasebandBoardStatistic,VBPc5,99
20250928,NR,BasebandBoardStatistic,VBPd02,265
20250928,NR,BasebandBoardStatistic,VBPe02,9
20250928,NR,BasebandBoardStatistic,VBPe41,76
20250928,NR,BasebandBoardStatistic,VBPd19,199
20250928,NR,BasebandBoardStatistic,VBPd01,218
20250928,NR,BasebandBoardStatistic,VBPe01,24
20250928,NR,BasebandBoardStatistic,VBPe54,2
20250928,NR,BasebandBoardStatistic,VBPe53,2
20250928,NR,BasebandBoardStatistic,VBPd23,1
20250928,NR,FrequencyBandStatistic,2144.55_40M,3416
20250928,NR,FrequencyBandStatistic,2118.15_40M,318
20250928,NR,FrequencyBandStatistic,3408.96_100M,6715
20250928,NR,FrequencyBandStatistic,2144.55_20M,1342
20250928,NR,FrequencyBandStatistic,880.95_15M,1312
20250928,NR,FrequencyBandStatistic,877.35_15M,468
20250928,NR,FrequencyBandStatistic,3509.76_100M,222
20250928,NR,FrequencyBandStatistic,2114.55_20M,38
20250928,NR,VersionStatistic,V5.75.10.20A03#V5.75.10.20F15,13831
